anio,C2F6 (t),CF4 (t),CH4 (t),CO (t),CO2 (t),CO2e (t) GTP-AR2,CO2e (t) GTP-AR4,CO2e (t) GTP-AR5,CO2e (t) GTP-AR6,CO2e (t) GWP-AR2,CO2e (t) GWP-AR4,CO2e (t) GWP-AR5,CO2e (t) GWP-AR6,COVNM (t),HFC-125 (t),HFC-134a (t),HFC-143a (t),HFC-152a (t),HFC-23 (t),HFC-32 (t),N2O (t),NOx (t),SF6 (t)
1970,0.23261033577337117,3.5574211134036147,1471.0240243204255,2155.5566582947667,19244.91319887677,20821.379813608703,20821.379813608703,19162.726019728434,19775.28338486041,35396.183865320476,38559.11562997942,39934.722982200525,39751.61523881756,742.0748627076053,0.0,0.0,0.0,0.0,0.0,0.0,31.632709127144427,154.0727967576405,0.0
1971,0.33461058996276316,5.117359783452283,1525.506913644445,2259.625804871365,21598.587742630047,22466.288595097878,22466.288595097878,20748.481444859175,21386.1758023759,37570.982886221725,40853.79566824582,42274.057534316365,42095.05318032789,730.1190474484524,0.0,0.0,0.0,0.0,0.0,0.0,32.60923697821566,170.55017757951728,0.0
1972,0.40468393532051666,6.189024967347483,1584.7195676656181,2418.9447949802416,23664.445520867084,24100.30526453042,24100.30526453042,22303.2242404232,22966.79732685098,39800.768350281374,43208.011803983536,44664.14564429624,44490.55993709158,774.278817049442,0.0,0.0,0.0,0.0,0.0,0.0,34.31186367263515,188.85616125339365,0.0
1973,0.4631474956485843,7.0831361562778,1642.6124393208506,2596.053853397058,27726.66882924873,26683.827205542697,26683.827205542697,24827.077027999065,25516.40961087844,42947.75549016349,46482.3896623959,47978.47120522891,47817.59134977149,796.8663936746243,0.0,0.0,0.0,0.0,0.0,0.0,35.27868943925886,217.32048031228203,0.0
1974,0.47102556406158597,7.203619224289684,1704.6143648969603,2681.450599420945,30155.9189522486,28539.31873175121,28539.31873175121,26600.481406892923,27321.124851999564,45431.24006447654,49095.088396188585,50626.79168695999,50477.920397634756,1024.694923473912,0.0,0.0,0.0,0.0,0.0,0.0,37.09818287209457,247.5214146128272,0.0
1975,0.5029524728932256,7.691892710443134,1854.3608209547965,2730.894830150032,32292.96577084301,30593.767465364625,30593.767465364625,28507.669058655396,29285.642220780846,48944.72958082732,52937.92582118442,54630.30185582035,54451.57524305593,1065.6827500557777,0.0,0.0,0.0,0.0,0.0,0.0,39.451007588352944,262.7163456599007,0.0
1976,0.5771721700472959,8.826970035397233,1932.6417163923177,2702.4943623920058,35640.34472303796,33066.87800746832,33066.87800746832,30879.481708947016,31693.2261616256,52203.02800854786,56361.504002672824,58100.61489646692,57933.51272974364,1091.7789086915614,0.0,0.0,0.0,0.0,0.0,0.0,41.583224631345914,287.013048060565,0.0
1977,0.6928553851645334,10.596168770940201,1931.8976450776554,2675.9920770999006,37313.90907730465,34182.31233286334,34182.31233286334,31967.243033522194,32784.13139741583,53333.605735410936,57483.42652681235,59184.87379159105,59040.0484123524,1147.71244838991,0.0,0.0,0.0,0.0,0.0,0.0,42.57108580390142,292.40582087188193,0.0
1978,0.749660404774073,11.464915103446984,1921.2819301668767,2755.8918768620197,40669.82004944608,35969.63360141076,35969.63360141076,33762.778999467395,34580.72099761574,55015.291181848115,59142.271502548436,60809.208121905285,60693.6510322016,1289.8535641927006,0.0,0.0,0.0,0.0,0.0,0.0,42.4266494270468,322.9829062914433,0.0
1979,0.9872463627030247,15.098430786121265,1972.6824106318809,2878.725770349819,43232.369185967385,37830.72000629257,37830.72000629257,35550.182889128606,36394.12625928984,57384.964095163996,61622.07352060368,63313.683925919424,63210.75568052518,1512.2065083093996,0.0,0.0,0.0,0.0,0.0,0.0,43.90038850714345,347.1738869174193,0.0
1980,1.0805392781201533,16.52520395994625,2111.6393061959516,2791.8995072500443,43117.075654088,38761.77764112612,38761.77764112612,36320.6403155396,37219.45219221319,59691.5076059945,64227.59775164404,66058.64061800376,65923.7961047958,1365.4501950689457,0.0,0.0,0.0,0.0,0.0,0.0,46.96451034407457,344.35382228818384,0.0
1981,1.0631246005756214,16.258872967498917,2150.5737782317456,2668.683826862488,40550.58314847629,37320.26932147457,37320.26932147457,34876.52002874925,35794.0945004331,58591.74850890275,63224.818305624474,65152.431565345374,64982.50673300188,1198.4783424130364,0.0,0.0,0.0,0.0,0.0,0.0,46.18680748291358,344.0129757737965,0.0
1982,1.2645739873193953,18.6076901034026,2173.6912323255788,2724.414118068518,40883.5106011315,37648.12472397198,37648.12472397198,35178.523167457985,36111.10164412629,59135.75977039256,63821.980304222045,65774.23270421955,65605.07646866357,1247.9689084704737,0.0,0.0,0.0,0.0,0.0,0.0,46.495603401458645,355.4412640811402,0.0
1983,1.7466543176080365,24.198663100671215,2187.9435254865843,2745.306274292398,38613.33620580688,36467.392931246046,36467.392931246046,33981.942863871336,34926.71588948231,58065.322344880165,62790.438266417616,64778.89771445517,64594.26896742206,1205.554391031198,0.0,0.0,0.0,0.0,0.0,0.0,46.35738206937679,350.2628385636495,0.0
1984,2.0071776915370236,27.13935423927752,2257.5785821484083,2897.559169971933,39098.27563235921,37304.49288506612,37304.49288506612,34726.83610430925,35706.62368456077,59592.10383323072,64466.50533930225,66512.73272403098,66325.09672240046,1237.5169965968905,0.0,0.0,0.0,0.0,0.0,0.0,48.17897042892979,363.82080415990214,0.0
1985,2.486367966352722,31.87845910456124,2276.949369517624,3044.089464832911,41605.84618053646,38842.902282081726,38842.902282081726,36235.2384457332,37233.188740301775,61304.44364926849,66224.97944504001,68273.55522942789,68106.49530400155,937.8032658709775,0.0,0.0,0.0,0.0,0.0,0.0,48.53411451407639,393.6048888658561,0.0
1986,3.5376842618622484,42.3726325896449,2328.5224925789694,3219.4708962143877,46122.83394017065,41778.285575238486,41778.285575238486,39089.713887022386,40113.476162581275,64716.42852347494,69756.1551307789,71820.48866936436,71674.28367850317,880.5119737747972,0.0,0.0,0.0,0.0,0.0,0.0,49.69701705040748,423.19837830032026,0.0
1987,3.981541425490011,46.61069600135178,2389.0551972141743,3186.8789425038754,47537.176339984704,43071.699004421316,43071.699004421316,40298.33664223764,41338.08120881984,66604.05358608041,71774.78724921517,73881.07366152461,73724.04003008083,837.0367404531746,0.0,0.0,0.0,0.0,0.0,0.0,51.31467059219588,434.2798589050416,0.0
1988,4.131054401090533,48.15614982842749,2455.8626164031316,3191.800660329431,48565.529300176415,43988.54144839054,43988.54144839054,41153.71329355403,42228.31303031646,68159.45749015697,73480.57751924814,75664.16272260036,75501.02469583695,926.5094297624588,0.0,0.0,0.0,0.0,0.0,0.0,52.086734645889834,437.7292545953763,0.0
1989,4.2075785084293615,48.830373205106845,2522.6094017656374,3293.349871680296,49320.417098015256,44939.940629351244,44939.940629351244,42019.80001172004,43116.82859016427,69780.16083879743,75242.2928249065,77479.76587890985,77305.11445347329,1003.8158453979011,0.0,0.0,0.0,0.0,0.0,0.0,53.87593887645365,437.5746180405305,0.0
1990,4.4243109023858205,50.97429886662584,3140.539349072952,3113.0901543484038,320768.38201938604,198367.2976698348,198367.2976698348,194710.51040270276,196298.671383307,229318.7982112671,236145.22216383182,237332.98435791954,238965.12236834425,985.6681749916487,0.0,1.0,0.0,0.0,120.24,0.0,68.08605088665446,426.9978244545174,5.0
1991,4.878391179177234,56.53449088358442,3234.1086148886493,3110.1504927083615,319892.99527892604,198549.149416184,198549.149416184,194785.09362396077,196423.78881972402,230399.42351452014,237440.46210383254,238747.9354074755,240344.4257561263,939.6433959823974,0.0,1.8,0.0,0.0,137.52,0.0,69.76774995564622,442.18423399716926,4.9
1992,5.160625121367648,59.10871276009484,3370.4073396610784,2999.9788183376095,359902.5653009504,221619.98557136446,221619.98557136446,217677.5766273456,219412.11783591972,254828.24477946342,262167.7517058614,263354.7059363743,265211.4715458681,875.5652003344609,0.0,8.5,0.0,0.0,163.6,0.0,73.41926186162708,449.1140525973556,5.5
1993,4.826898326169543,55.77557920402236,3308.1588656970703,2888.7166847493413,331043.73130997387,205496.77912430317,205496.77912430317,201610.5610042919,203290.1121521111,238111.06647454633,245311.58526636052,246604.48812342752,248255.37530598952,914.4607681770514,0.0,16.3,0.0,0.0,172.28,0.0,72.71951147017626,459.700362660717,7.05
1994,4.6466613672295685,53.834393910506435,3469.9840888900612,2937.911533541635,378143.07779634825,232586.0730391736,232586.0730391736,228497.5367621605,230276.52315172084,266861.04421812674,274394.8238460505,275535.8793004501,277504.2916149593,943.3155463304239,0.0,137.3,0.0,0.0,156.6,0.0,77.261423058123,477.92942367505066,7.0
1995,4.381887599871512,50.990035969954334,3662.010693161361,2853.7063842844505,439538.0340748054,267589.151576343,267589.151576343,263284.9761915173,265192.39353269595,303809.3207308306,311751.62423086667,312697.19744638464,315081.00760197244,933.9122255190043,0.0,290.7,0.0,0.0,153.04,0.0,81.71122663861723,502.3602052511534,7.1
1996,4.35101696098954,49.62224059974284,3369.71439041131,2794.128267620725,384715.0120798311,235381.09469993916,235381.09469993916,231429.5100599618,233159.42443127063,268851.2588802744,276157.76375655795,277156.6320351479,279199.5685464172,966.3270095507088,0.0,1254.8,0.0,0.0,89.04,0.0,75.22838369673566,529.3969585608318,6.8999999999999995
1997,2.618728650925061,33.82714600101952,3460.277798904545,2700.521699753704,403260.8179433101,246192.05718880906,246192.05718880906,242146.73092769558,243918.26090792994,280607.3142675768,288088.2301822608,289062.6394779388,291212.3307740925,966.3983279707988,0.0,1103.6,0.0,0.0,95.32,0.0,77.90222005049961,545.846654772318,8.45
1998,2.8682388362715954,37.96976613365592,3458.4301571314127,2601.3277897676194,381765.065616296,234556.74832427638,234556.74832427638,230484.6751053886,232222.28535355165,269066.9751522287,276513.97939513833,277595.7991335827,279595.7240957324,995.6792426317837,0.0,1614.8,0.0,0.0,13.04,0.0,79.18621560028534,558.9425914084702,7.4
1999,2.5538737223068515,33.5951007733954,3505.8565653229375,2517.6456981307037,378589.90760348353,233065.47148257855,233065.47148257855,228976.59302443193,230754.71147033977,268066.3601078803,275654.70325495343,276808.82550421153,278787.16293152445,1053.3130754981034,0.0,1899.9,0.0,0.0,97.16,0.0,79.28547017640075,574.6283145572804,7.3500000000000005
2000,1.9523773246725051,24.442363789827642,3571.9145676232533,2397.1371485860277,371264.62565265823,229362.75706001,229362.75706001,225202.142194439,226964.73795843907,265039.9810007981,272722.9852703617,274020.11241875397,275894.7755492617,1057.4457563786984,7.1,1709.2,7.5,0.1,0.0,0.0,81.04414099399307,574.6746628197686,7.65
2001,1.532887273503387,19.112795230334935,3726.8396669014924,2335.662246060046,383126.5236143946,236615.62095493553,236615.62095493553,232343.05424968502,234194.07182588588,273944.19857618574,281987.2560084102,283392.7640102978,285343.0077779991,967.4440676046497,39.2,2625.4,27.1,29.5,0.0,0.0,82.8029460032266,589.9938183131821,7.3
2002,1.954301847482865,22.585387754449386,3848.366806879011,2418.849846553625,405857.3127668898,250601.63264446004,250601.63264446004,246093.28948616685,248013.69802799265,289212.9200181213,297493.7137031403,298791.39042488526,300915.68792267353,969.157687465944,50.8,2633.0,39.8,8.1,0.0,0.0,88.77535550824331,597.3697384175139,8.75
2003,1.9597255790433692,23.344023914789748,4226.186785098658,2550.104407393858,504980.45842364756,308245.71373366035,308245.71373366035,303220.023227828,305374.4580008866,350746.6109409076,359815.0105456759,360779.4219082164,363589.49683232,949.9011914986487,54.8,2966.8,50.0,23.8,0.0,0.0,100.52800573242578,597.9891099031285,10.149999999999999
2004,1.6828016072504768,21.8621802984447,4300.983935783517,2649.403382293924,478755.5605604171,294423.64093320974,294423.64093320974,289299.60597185115,291467.64749505004,337649.9794011019,346884.5304718618,348098.5408743795,350698.48036217084,1015.4534069192663,120.7,2788.7,103.7,54.3,0.0,0.0,102.0839391462526,631.0119162611322,11.5
2005,1.7165009470248698,20.64861220006281,4190.234070037189,2617.2100784724694,409271.7818114777,255348.50990740853,255348.50990740853,250404.09610761612,252502.63882554413,297627.6466994404,306652.84659159044,308198.23622093187,310353.3582964686,1006.4450029932304,124.9,4050.6,92.9,174.8,0.0,0.0,98.40130203791342,634.5085395151418,12.575
2006,1.733592120631963,20.30240332864861,4034.676759178711,2603.7632684605096,339484.9096831791,216174.71445338472,216174.71445338472,211356.11104744478,213329.8771802487,256848.50798571538,265547.6662967254,267375.31436305767,269045.5906847108,1243.6731448336939,251.7,3467.7,215.7,280.0,0.0,0.0,95.33745037577262,638.8421298004039,14.0
2007,1.6491633526498959,19.551498328218713,3765.0485527620485,2694.853040944466,294829.62324361684,190210.42777336188,190210.42777336188,185676.58723970316,187528.30546181716,228590.73341471277,236736.28003926107,238488.28840211756,239962.07296022426,1043.6655575075742,285.0,5741.1,252.0,0.0,0.0,71.8,91.25129368782746,670.6367003597187,16.3
2008,1.5974354717250747,19.035886732060202,3807.397927778174,2709.595001783988,293018.361152039,189430.14525449273,189430.14525449273,184810.73129360445,186650.40215685227,227880.19134519636,236091.16150801638,237946.93852910362,239334.36842248126,1349.5049473936906,302.1,3458.1,307.4,0.0,0.0,42.0,91.65717977780402,708.4496938155763,16.45
2009,1.0659935794302446,13.706961065776214,3742.79563302351,2376.483830659009,225585.3460492301,151609.65356127213,151609.65356127213,147164.49673698988,148962.66165794744,189672.14200925583,197788.60189676314,200018.10368630782,200979.03997884813,1343.8635761461226,358.7,5138.3,320.9,0.0,0.0,87.2,88.42519368179646,674.7468717749204,10.05
2010,0.9844438370233726,12.796066563441974,3787.6927358871303,2429.505465135973,224152.6307798434,151509.99351319566,151509.99351319566,146989.85016856916,148814.97484671083,190395.88576488083,198647.2386184486,200859.03815358222,201854.93297996,1521.9703658312512,501.2,7034.3,467.1,0.0,0.0,105.9,91.1729771605912,710.0874535755886,3.7
2011,0.8765388783811768,11.207334007092534,3772.085551243867,2291.701526216611,230800.4414009296,155828.96068156467,155828.96068156467,151213.32151573861,153010.66867130809,194568.31403071317,202730.9259003811,204789.1922269499,205832.2551049525,1572.5937201726538,468.407272727258,6258.29090909101,432.663636363635,0.0,0.0,113.599999999999,95.2042132146393,716.7023911180767,3.889999999999985
2012,0.9060564141179044,11.719239148666965,3782.4289768270637,2192.3115973336094,252570.17458954136,167844.83399892514,167844.83399892514,163215.7949031457,165044.95133619258,206750.2568612405,214949.89621292127,216884.45686994938,218094.0938193402,1563.0828353923282,514.714545454539,6670.83636363642,476.227272727265,0.0,0.0,128.349999999999,95.33044456779035,741.0508985563445,4.024999999999975
2013,0.8076966812287726,10.3864840110238,3858.863908293682,2134.9018638197063,283081.3719767324,185675.0014417958,185675.0014417958,180884.39271069257,182769.22999232198,225493.635922496,233845.05295287145,235588.13673047445,237034.33261176333,1616.414260021456,561.021818181805,7083.38181818183,519.790909090894,0.0,0.0,143.099999999999,99.95381020084331,775.4569524069501,4.15999999999997
2014,0.5787676189906359,7.3720845584628725,3856.3467129046066,2135.87561291725,270656.89903124527,178917.59156093147,178917.59156093147,174124.39128164458,176000.95966132786,218797.5265433683,227152.13496870303,228952.24776931858,230326.6680438446,1590.0071596998862,607.329090909087,7495.92727272736,563.354545454538,0.0,0.0,157.849999999999,100.21311540292234,794.5294923154015,4.295000000000015
2015,0.47744383556977504,6.136245061327501,3992.254029144428,2037.0682510171873,290361.6412277222,190356.37357488103,190356.37357488103,185452.9128298727,187416.45161451504,231607.67153812246,240281.27666797792,242144.46766864634,243636.17147434384,1499.4632191089688,653.636363636353,7908.47272727278,606.918181818168,0.0,0.0,172.599999999999,101.41617864774668,751.179087175534,4.430000000000005
2016,0.5132233906957335,6.69871474042755,4061.0991556360646,1920.2664966993786,290019.57666866184,191131.76841244826,191131.76841244826,186087.16590026722,188095.88543736894,233197.806460726,242013.52539394636,243871.94305851936,245406.4452013211,1474.1858326306742,699.94363636362,8321.01818181819,650.481818181812,0.0,0.0,187.349999999999,105.26170521115068,698.0560985444828,4.565
2017,0.5250542671709787,6.869938922106417,3959.9044716773233,1944.4215451751272,261710.38036073963,175410.90867559376,175410.90867559376,170415.2184935302,172361.59910856414,216608.69758267945,225200.38620117606,227062.84682766904,228442.86213061766,1360.0681306549322,746.250909090901,8733.56363636371,694.045454545441,0.0,0.0,202.099999999999,105.51564337929865,699.6087243687366,4.69999999999999
2018,0.4742258468801705,6.371409362127232,3997.8723683253647,2038.4935733119205,269982.3777553725,179964.2187359082,179964.2187359082,174959.71469221739,176944.75432388758,221567.87994157395,230266.34426449536,232136.4716130781,233593.0954205567,1405.981486895864,792.558181818167,9146.10909090912,737.609090909085,0.0,0.0,216.849999999999,104.89782867869596,688.4509813893122,4.83499999999998
2019,0.45131509861715197,6.004691857344931,4081.2153305360284,2006.5355350143343,300435.28391542396,197451.0936249982,197451.0936249982,192324.42322857727,194380.50149819633,239978.9076466745,248861.11752053976,250584.24846919026,252286.12389520934,1479.0999514641742,838.865454545448,9558.65454545454,781.172727272715,0.0,0.0,231.599999999999,107.66567218588246,692.3859568117806,4.96999999999997
2020,0.4755397940058619,6.3269984488880615,4151.676285517012,1978.3192893444834,299235.3745740907,197952.3913007864,197952.3913007864,192658.31944121505,194752.05175676217,241339.221567157,250358.52637582098,252049.5923730172,253797.8300663961,1474.528381185505,885.172727272715,9971.20000000007,824.736363636359,0.0,0.0,246.349999999999,112.53946132340536,638.9282348786118,5.105
2021,0.5356503562024864,7.12676208291769,4286.231596875661,2021.5197190895237,349280.4823078442,227071.0437329513,227071.0437329513,221524.0920244153,223695.68923693895,271965.0514084186,281255.33671120054,282686.7057129311,284770.02584882727,1489.4403898360968,931.479999999996,10383.7454545455,868.299999999988,0.0,0.0,261.099999999999,119.29531085331631,679.3954307680301,5.24
